start,end,hours,type,main_signal,peak_z,dT_vs_normal,outlet_vs_normal
2017-02-24 15:00:00,2017-02-25 22:00:00,32.0,C: Draft instability,cone_draft_std,23.8,-15.9,8.0
2017-02-27 01:00:00,2017-03-01 15:00:00,63.0,C: Draft instability,cone_draft_std,9.3,-1.2,-9.9
2017-03-29 21:00:00,2017-03-31 18:00:00,46.0,C: Draft instability,cone_draft_std,11.0,-8.8,7.2
2017-10-25 11:00:00,2017-10-26 03:00:00,17.0,C: Draft instability,cone_draft_std,6.3,1.3,-5.7
2018-01-27 08:00:00,2018-01-28 15:00:00,32.0,D: Pressure-drop change,d_out_in,6.5,15.7,-24.4
2018-03-08 07:00:00,2018-03-20 13:00:00,295.0,A: Build-up / blockage,dT,37.3,195.3,-186.1
2018-04-15 09:00:00,2018-04-16 20:00:00,36.0,A: Build-up / blockage,dT,6.6,54.2,-50.4
2018-04-19 05:00:00,2018-04-29 01:00:00,237.0,A: Build-up / blockage,dT,26.3,139.9,-142.3
2018-05-04 18:00:00,2018-05-07 11:00:00,66.0,A: Build-up / blockage,dT,34.0,59.0,-65.7
2018-05-08 00:00:00,2018-05-08 15:00:00,16.0,A: Build-up / blockage,dT,15.8,31.0,-43.1
2018-05-09 07:00:00,2018-05-11 01:00:00,43.0,A: Build-up / blockage,dT,9.9,65.1,-65.0
2018-05-17 00:00:00,2018-05-18 11:00:00,36.0,A: Build-up / blockage,dT,28.1,295.3,-288.9
2018-05-20 12:00:00,2018-05-21 21:00:00,34.0,A: Build-up / blockage,dT,39.7,94.6,-95.0
2018-09-18 19:00:00,2018-09-19 12:00:00,18.0,B: Outlet over-temperature,dT,6.7,-58.0,12.6
2018-09-21 00:00:00,2018-09-21 14:00:00,15.0,C: Draft instability,cone_draft_std,5.8,5.3,-33.7
2019-02-02 22:00:00,2019-02-04 20:00:00,47.0,A: Build-up / blockage,dT,6.8,70.0,-77.6
2019-02-08 05:00:00,2019-02-13 06:00:00,122.0,A: Build-up / blockage,dT,10.9,85.9,-78.8
2019-03-19 19:00:00,2019-03-28 21:00:00,219.0,A: Build-up / blockage,dT,17.8,113.4,-113.3
2019-04-24 00:00:00,2019-04-24 12:00:00,13.0,A: Build-up / blockage,dT,14.2,149.9,-158.3
2019-08-23 19:00:00,2019-08-24 20:00:00,26.0,A: Build-up / blockage,dT,6.1,57.8,-56.5
2019-11-13 07:00:00,2019-11-15 10:00:00,52.0,A: Build-up / blockage,dT,10.4,95.6,-99.6
2019-12-26 18:00:00,2019-12-27 07:00:00,14.0,C: Draft instability,cone_draft_std,7.6,-4.4,-12.8
